<?xml version="1.0"?>
<model>
    <model-type>Registration</model-type>
    <dimension>3</dimension>
    <template>
        <object id="tooth">
            <deformable-object-type>SurfaceMesh</deformable-object-type>
	    <attachment-type>Varifold</attachment-type>
            <noise-std>0.1</noise-std>
            <kernel-type>keops</kernel-type>
            <kernel-width>1.0</kernel-width>
            <filename>../../surfaces/DO26-D2_1-20_prep_012.vtk</filename>
        </object>
    </template>
    <initial-control-points>../../surfaces/Atlas_ControlPointsFixed.txt</initial-control-points>
    <deformation-parameters>
        <kernel-width>1.0</kernel-width>
        <kernel-type>keops</kernel-type>
        <number-of-timepoints>20</number-of-timepoints>
    </deformation-parameters>
 </model>
