<?xml version="1.0"?>
<optimization-parameters>
    <optimization-method-type>GradientAscent</optimization-method-type>
    <initial-step-size>0.01</initial-step-size>
    <max-iterations>150</max-iterations>
    <number-of-threads>1</number-of-threads>
    <convergence-tolerance>1e-4</convergence-tolerance>
    <freeze-control-points>On</freeze-control-points>
    <!-- <state-file>calculs_parameters.bin</state-file> -->
    <!-- <freeze-control-points>Off</freeze-control-points> -->
</optimization-parameters>
